{
  "title": "restaurant",
  "properties": {
    "_id": {
      "bsonType": "objectId"
    },
    "address": {
      "bsonType": "object",
      "properties": {
        "building": {
          "bsonType": "string"
        },
        "coord": {
          "bsonType": "array",
          "items": {
            "bsonType": "double"
          }
        },
        "street": {
          "bsonType": "string"
        },
        "zipcode": {
          "bsonType": "string"
        }
      }
    },
    "borough": {
      "bsonType": "string"
    },
    "cuisine": {
      "bsonType": "string"
    },
    "grades": {
      "bsonType": "array",
      "items": {
        "bsonType": "object",
        "properties": {
          "date": {
            "bsonType": "date"
          },
          "grade": {
            "bsonType": "string"
          },
          "score": {
            "bsonType": "int"
          }
        }
      }
    },
    "name": {
      "bsonType": "string"
    },
    "restaurant_id": {
      "bsonType": "string"
    }
  },
  "required": [
    "_id"
  ]
}